seq,date,home_team_id,away_team_id,team_id,elo
1,2026-06-11,MEX,RSA,ALG,1790.0
1,2026-06-11,MEX,RSA,ARG,2115.0
1,2026-06-11,MEX,RSA,AUS,1768.0
1,2026-06-11,MEX,RSA,AUT,1820.0
1,2026-06-11,MEX,RSA,BEL,1925.0
1,2026-06-11,MEX,RSA,BIH,1780.0
1,2026-06-11,MEX,RSA,BRA,1978.0
1,2026-06-11,MEX,RSA,CAN,1788.0
1,2026-06-11,MEX,RSA,CIV,1798.0
1,2026-06-11,MEX,RSA,COD,1785.0
1,2026-06-11,MEX,RSA,COL,1888.0
1,2026-06-11,MEX,RSA,CPV,1722.0
1,2026-06-11,MEX,RSA,CRO,1900.0
1,2026-06-11,MEX,RSA,CUW,1660.0
1,2026-06-11,MEX,RSA,CZE,1812.0
1,2026-06-11,MEX,RSA,ECU,1825.0
1,2026-06-11,MEX,RSA,EGY,1808.0
1,2026-06-11,MEX,RSA,ENG,2024.0
1,2026-06-11,MEX,RSA,ESP,2129.0
1,2026-06-11,MEX,RSA,FRA,2063.0
1,2026-06-11,MEX,RSA,GER,1958.0
1,2026-06-11,MEX,RSA,GHA,1758.0
1,2026-06-11,MEX,RSA,HAI,1645.0
1,2026-06-11,MEX,RSA,IRN,1820.0
1,2026-06-11,MEX,RSA,IRQ,1715.0
1,2026-06-11,MEX,RSA,JOR,1730.0
1,2026-06-11,MEX,RSA,JPN,1850.0
1,2026-06-11,MEX,RSA,KOR,1805.0
1,2026-06-11,MEX,RSA,MAR,1898.0
1,2026-06-11,MEX,RSA,MEX,1819.8
1,2026-06-11,MEX,RSA,NED,1975.0
1,2026-06-11,MEX,RSA,NOR,1855.0
1,2026-06-11,MEX,RSA,NZL,1678.0
1,2026-06-11,MEX,RSA,PAN,1735.0
1,2026-06-11,MEX,RSA,PAR,1800.0
1,2026-06-11,MEX,RSA,POR,1989.0
1,2026-06-11,MEX,RSA,QAT,1718.0
1,2026-06-11,MEX,RSA,RSA,1725.2
1,2026-06-11,MEX,RSA,SAU,1702.0
1,2026-06-11,MEX,RSA,SCO,1815.0
1,2026-06-11,MEX,RSA,SEN,1840.0
1,2026-06-11,MEX,RSA,SUI,1858.0
1,2026-06-11,MEX,RSA,SWE,1818.0
1,2026-06-11,MEX,RSA,TUN,1762.0
1,2026-06-11,MEX,RSA,TUR,1845.0
1,2026-06-11,MEX,RSA,URU,1895.0
1,2026-06-11,MEX,RSA,USA,1808.0
1,2026-06-11,MEX,RSA,UZB,1748.0
2,2026-06-12,CAN,BIH,ALG,1790.0
2,2026-06-12,CAN,BIH,ARG,2115.0
2,2026-06-12,CAN,BIH,AUS,1768.0
2,2026-06-12,CAN,BIH,AUT,1820.0
2,2026-06-12,CAN,BIH,BEL,1925.0
2,2026-06-12,CAN,BIH,BIH,1783.6
2,2026-06-12,CAN,BIH,BRA,1978.0
2,2026-06-12,CAN,BIH,CAN,1784.4
2,2026-06-12,CAN,BIH,CIV,1798.0
2,2026-06-12,CAN,BIH,COD,1785.0
2,2026-06-12,CAN,BIH,COL,1888.0
2,2026-06-12,CAN,BIH,CPV,1722.0
2,2026-06-12,CAN,BIH,CRO,1900.0
2,2026-06-12,CAN,BIH,CUW,1660.0
2,2026-06-12,CAN,BIH,CZE,1812.0
2,2026-06-12,CAN,BIH,ECU,1825.0
2,2026-06-12,CAN,BIH,EGY,1808.0
2,2026-06-12,CAN,BIH,ENG,2024.0
2,2026-06-12,CAN,BIH,ESP,2129.0
2,2026-06-12,CAN,BIH,FRA,2063.0
2,2026-06-12,CAN,BIH,GER,1958.0
2,2026-06-12,CAN,BIH,GHA,1758.0
2,2026-06-12,CAN,BIH,HAI,1645.0
2,2026-06-12,CAN,BIH,IRN,1820.0
2,2026-06-12,CAN,BIH,IRQ,1715.0
2,2026-06-12,CAN,BIH,JOR,1730.0
2,2026-06-12,CAN,BIH,JPN,1850.0
2,2026-06-12,CAN,BIH,KOR,1805.0
2,2026-06-12,CAN,BIH,MAR,1898.0
2,2026-06-12,CAN,BIH,MEX,1819.8
2,2026-06-12,CAN,BIH,NED,1975.0
2,2026-06-12,CAN,BIH,NOR,1855.0
2,2026-06-12,CAN,BIH,NZL,1678.0
2,2026-06-12,CAN,BIH,PAN,1735.0
2,2026-06-12,CAN,BIH,PAR,1800.0
2,2026-06-12,CAN,BIH,POR,1989.0
2,2026-06-12,CAN,BIH,QAT,1718.0
2,2026-06-12,CAN,BIH,RSA,1725.2
2,2026-06-12,CAN,BIH,SAU,1702.0
2,2026-06-12,CAN,BIH,SCO,1815.0
2,2026-06-12,CAN,BIH,SEN,1840.0
2,2026-06-12,CAN,BIH,SUI,1858.0
2,2026-06-12,CAN,BIH,SWE,1818.0
2,2026-06-12,CAN,BIH,TUN,1762.0
2,2026-06-12,CAN,BIH,TUR,1845.0
2,2026-06-12,CAN,BIH,URU,1895.0
2,2026-06-12,CAN,BIH,USA,1808.0
2,2026-06-12,CAN,BIH,UZB,1748.0
3,2026-06-12,KOR,CZE,ALG,1790.0
3,2026-06-12,KOR,CZE,ARG,2115.0
3,2026-06-12,KOR,CZE,AUS,1768.0
3,2026-06-12,KOR,CZE,AUT,1820.0
3,2026-06-12,KOR,CZE,BEL,1925.0
3,2026-06-12,KOR,CZE,BIH,1783.6
3,2026-06-12,KOR,CZE,BRA,1978.0
3,2026-06-12,KOR,CZE,CAN,1784.4
3,2026-06-12,KOR,CZE,CIV,1798.0
3,2026-06-12,KOR,CZE,COD,1785.0
3,2026-06-12,KOR,CZE,COL,1888.0
3,2026-06-12,KOR,CZE,CPV,1722.0
3,2026-06-12,KOR,CZE,CRO,1900.0
3,2026-06-12,KOR,CZE,CUW,1660.0
3,2026-06-12,KOR,CZE,CZE,1791.5
3,2026-06-12,KOR,CZE,ECU,1825.0
3,2026-06-12,KOR,CZE,EGY,1808.0
3,2026-06-12,KOR,CZE,ENG,2024.0
3,2026-06-12,KOR,CZE,ESP,2129.0
3,2026-06-12,KOR,CZE,FRA,2063.0
3,2026-06-12,KOR,CZE,GER,1958.0
3,2026-06-12,KOR,CZE,GHA,1758.0
3,2026-06-12,KOR,CZE,HAI,1645.0
3,2026-06-12,KOR,CZE,IRN,1820.0
3,2026-06-12,KOR,CZE,IRQ,1715.0
3,2026-06-12,KOR,CZE,JOR,1730.0
3,2026-06-12,KOR,CZE,JPN,1850.0
3,2026-06-12,KOR,CZE,KOR,1825.5
3,2026-06-12,KOR,CZE,MAR,1898.0
3,2026-06-12,KOR,CZE,MEX,1819.8
3,2026-06-12,KOR,CZE,NED,1975.0
3,2026-06-12,KOR,CZE,NOR,1855.0
3,2026-06-12,KOR,CZE,NZL,1678.0
3,2026-06-12,KOR,CZE,PAN,1735.0
3,2026-06-12,KOR,CZE,PAR,1800.0
3,2026-06-12,KOR,CZE,POR,1989.0
3,2026-06-12,KOR,CZE,QAT,1718.0
3,2026-06-12,KOR,CZE,RSA,1725.2
3,2026-06-12,KOR,CZE,SAU,1702.0
3,2026-06-12,KOR,CZE,SCO,1815.0
3,2026-06-12,KOR,CZE,SEN,1840.0
3,2026-06-12,KOR,CZE,SUI,1858.0
3,2026-06-12,KOR,CZE,SWE,1818.0
3,2026-06-12,KOR,CZE,TUN,1762.0
3,2026-06-12,KOR,CZE,TUR,1845.0
3,2026-06-12,KOR,CZE,URU,1895.0
3,2026-06-12,KOR,CZE,USA,1808.0
3,2026-06-12,KOR,CZE,UZB,1748.0
4,2026-06-13,BRA,MAR,ALG,1790.0
4,2026-06-13,BRA,MAR,ARG,2115.0
4,2026-06-13,BRA,MAR,AUS,1768.0
4,2026-06-13,BRA,MAR,AUT,1820.0
4,2026-06-13,BRA,MAR,BEL,1925.0
4,2026-06-13,BRA,MAR,BIH,1783.6
4,2026-06-13,BRA,MAR,BRA,1973.5
4,2026-06-13,BRA,MAR,CAN,1784.4
4,2026-06-13,BRA,MAR,CIV,1798.0
4,2026-06-13,BRA,MAR,COD,1785.0
4,2026-06-13,BRA,MAR,COL,1888.0
4,2026-06-13,BRA,MAR,CPV,1722.0
4,2026-06-13,BRA,MAR,CRO,1900.0
4,2026-06-13,BRA,MAR,CUW,1660.0
4,2026-06-13,BRA,MAR,CZE,1791.5
4,2026-06-13,BRA,MAR,ECU,1825.0
4,2026-06-13,BRA,MAR,EGY,1808.0
4,2026-06-13,BRA,MAR,ENG,2024.0
4,2026-06-13,BRA,MAR,ESP,2129.0
4,2026-06-13,BRA,MAR,FRA,2063.0
4,2026-06-13,BRA,MAR,GER,1958.0
4,2026-06-13,BRA,MAR,GHA,1758.0
4,2026-06-13,BRA,MAR,HAI,1645.0
4,2026-06-13,BRA,MAR,IRN,1820.0
4,2026-06-13,BRA,MAR,IRQ,1715.0
4,2026-06-13,BRA,MAR,JOR,1730.0
4,2026-06-13,BRA,MAR,JPN,1850.0
4,2026-06-13,BRA,MAR,KOR,1825.5
4,2026-06-13,BRA,MAR,MAR,1902.5
4,2026-06-13,BRA,MAR,MEX,1819.8
4,2026-06-13,BRA,MAR,NED,1975.0
4,2026-06-13,BRA,MAR,NOR,1855.0
4,2026-06-13,BRA,MAR,NZL,1678.0
4,2026-06-13,BRA,MAR,PAN,1735.0
4,2026-06-13,BRA,MAR,PAR,1800.0
4,2026-06-13,BRA,MAR,POR,1989.0
4,2026-06-13,BRA,MAR,QAT,1718.0
4,2026-06-13,BRA,MAR,RSA,1725.2
4,2026-06-13,BRA,MAR,SAU,1702.0
4,2026-06-13,BRA,MAR,SCO,1815.0
4,2026-06-13,BRA,MAR,SEN,1840.0
4,2026-06-13,BRA,MAR,SUI,1858.0
4,2026-06-13,BRA,MAR,SWE,1818.0
4,2026-06-13,BRA,MAR,TUN,1762.0
4,2026-06-13,BRA,MAR,TUR,1845.0
4,2026-06-13,BRA,MAR,URU,1895.0
4,2026-06-13,BRA,MAR,USA,1808.0
4,2026-06-13,BRA,MAR,UZB,1748.0
5,2026-06-13,QAT,SUI,ALG,1790.0
5,2026-06-13,QAT,SUI,ARG,2115.0
5,2026-06-13,QAT,SUI,AUS,1768.0
5,2026-06-13,QAT,SUI,AUT,1820.0
5,2026-06-13,QAT,SUI,BEL,1925.0
5,2026-06-13,QAT,SUI,BIH,1783.6
5,2026-06-13,QAT,SUI,BRA,1973.5
5,2026-06-13,QAT,SUI,CAN,1784.4
5,2026-06-13,QAT,SUI,CIV,1798.0
5,2026-06-13,QAT,SUI,COD,1785.0
5,2026-06-13,QAT,SUI,COL,1888.0
5,2026-06-13,QAT,SUI,CPV,1722.0
5,2026-06-13,QAT,SUI,CRO,1900.0
5,2026-06-13,QAT,SUI,CUW,1660.0
5,2026-06-13,QAT,SUI,CZE,1791.5
5,2026-06-13,QAT,SUI,ECU,1825.0
5,2026-06-13,QAT,SUI,EGY,1808.0
5,2026-06-13,QAT,SUI,ENG,2024.0
5,2026-06-13,QAT,SUI,ESP,2129.0
5,2026-06-13,QAT,SUI,FRA,2063.0
5,2026-06-13,QAT,SUI,GER,1958.0
5,2026-06-13,QAT,SUI,GHA,1758.0
5,2026-06-13,QAT,SUI,HAI,1645.0
5,2026-06-13,QAT,SUI,IRN,1820.0
5,2026-06-13,QAT,SUI,IRQ,1715.0
5,2026-06-13,QAT,SUI,JOR,1730.0
5,2026-06-13,QAT,SUI,JPN,1850.0
5,2026-06-13,QAT,SUI,KOR,1825.5
5,2026-06-13,QAT,SUI,MAR,1902.5
5,2026-06-13,QAT,SUI,MEX,1819.8
5,2026-06-13,QAT,SUI,NED,1975.0
5,2026-06-13,QAT,SUI,NOR,1855.0
5,2026-06-13,QAT,SUI,NZL,1678.0
5,2026-06-13,QAT,SUI,PAN,1735.0
5,2026-06-13,QAT,SUI,PAR,1800.0
5,2026-06-13,QAT,SUI,POR,1989.0
5,2026-06-13,QAT,SUI,QAT,1725.6
5,2026-06-13,QAT,SUI,RSA,1725.2
5,2026-06-13,QAT,SUI,SAU,1702.0
5,2026-06-13,QAT,SUI,SCO,1815.0
5,2026-06-13,QAT,SUI,SEN,1840.0
5,2026-06-13,QAT,SUI,SUI,1850.4
5,2026-06-13,QAT,SUI,SWE,1818.0
5,2026-06-13,QAT,SUI,TUN,1762.0
5,2026-06-13,QAT,SUI,TUR,1845.0
5,2026-06-13,QAT,SUI,URU,1895.0
5,2026-06-13,QAT,SUI,USA,1808.0
5,2026-06-13,QAT,SUI,UZB,1748.0
6,2026-06-13,USA,PAR,ALG,1790.0
6,2026-06-13,USA,PAR,ARG,2115.0
6,2026-06-13,USA,PAR,AUS,1768.0
6,2026-06-13,USA,PAR,AUT,1820.0
6,2026-06-13,USA,PAR,BEL,1925.0
6,2026-06-13,USA,PAR,BIH,1783.6
6,2026-06-13,USA,PAR,BRA,1973.5
6,2026-06-13,USA,PAR,CAN,1784.4
6,2026-06-13,USA,PAR,CIV,1798.0
6,2026-06-13,USA,PAR,COD,1785.0
6,2026-06-13,USA,PAR,COL,1888.0
6,2026-06-13,USA,PAR,CPV,1722.0
6,2026-06-13,USA,PAR,CRO,1900.0
6,2026-06-13,USA,PAR,CUW,1660.0
6,2026-06-13,USA,PAR,CZE,1791.5
6,2026-06-13,USA,PAR,ECU,1825.0
6,2026-06-13,USA,PAR,EGY,1808.0
6,2026-06-13,USA,PAR,ENG,2024.0
6,2026-06-13,USA,PAR,ESP,2129.0
6,2026-06-13,USA,PAR,FRA,2063.0
6,2026-06-13,USA,PAR,GER,1958.0
6,2026-06-13,USA,PAR,GHA,1758.0
6,2026-06-13,USA,PAR,HAI,1645.0
6,2026-06-13,USA,PAR,IRN,1820.0
6,2026-06-13,USA,PAR,IRQ,1715.0
6,2026-06-13,USA,PAR,JOR,1730.0
6,2026-06-13,USA,PAR,JPN,1850.0
6,2026-06-13,USA,PAR,KOR,1825.5
6,2026-06-13,USA,PAR,MAR,1902.5
6,2026-06-13,USA,PAR,MEX,1819.8
6,2026-06-13,USA,PAR,NED,1975.0
6,2026-06-13,USA,PAR,NOR,1855.0
6,2026-06-13,USA,PAR,NZL,1678.0
6,2026-06-13,USA,PAR,PAN,1735.0
6,2026-06-13,USA,PAR,PAR,1772.1
6,2026-06-13,USA,PAR,POR,1989.0
6,2026-06-13,USA,PAR,QAT,1725.6
6,2026-06-13,USA,PAR,RSA,1725.2
6,2026-06-13,USA,PAR,SAU,1702.0
6,2026-06-13,USA,PAR,SCO,1815.0
6,2026-06-13,USA,PAR,SEN,1840.0
6,2026-06-13,USA,PAR,SUI,1850.4
6,2026-06-13,USA,PAR,SWE,1818.0
6,2026-06-13,USA,PAR,TUN,1762.0
6,2026-06-13,USA,PAR,TUR,1845.0
6,2026-06-13,USA,PAR,URU,1895.0
6,2026-06-13,USA,PAR,USA,1835.9
6,2026-06-13,USA,PAR,UZB,1748.0
7,2026-06-14,AUS,TUR,ALG,1790.0
7,2026-06-14,AUS,TUR,ARG,2115.0
7,2026-06-14,AUS,TUR,AUS,1805.9
7,2026-06-14,AUS,TUR,AUT,1820.0
7,2026-06-14,AUS,TUR,BEL,1925.0
7,2026-06-14,AUS,TUR,BIH,1783.6
7,2026-06-14,AUS,TUR,BRA,1973.5
7,2026-06-14,AUS,TUR,CAN,1784.4
7,2026-06-14,AUS,TUR,CIV,1798.0
7,2026-06-14,AUS,TUR,COD,1785.0
7,2026-06-14,AUS,TUR,COL,1888.0
7,2026-06-14,AUS,TUR,CPV,1722.0
7,2026-06-14,AUS,TUR,CRO,1900.0
7,2026-06-14,AUS,TUR,CUW,1660.0
7,2026-06-14,AUS,TUR,CZE,1791.5
7,2026-06-14,AUS,TUR,ECU,1825.0
7,2026-06-14,AUS,TUR,EGY,1808.0
7,2026-06-14,AUS,TUR,ENG,2024.0
7,2026-06-14,AUS,TUR,ESP,2129.0
7,2026-06-14,AUS,TUR,FRA,2063.0
7,2026-06-14,AUS,TUR,GER,1958.0
7,2026-06-14,AUS,TUR,GHA,1758.0
7,2026-06-14,AUS,TUR,HAI,1645.0
7,2026-06-14,AUS,TUR,IRN,1820.0
7,2026-06-14,AUS,TUR,IRQ,1715.0
7,2026-06-14,AUS,TUR,JOR,1730.0
7,2026-06-14,AUS,TUR,JPN,1850.0
7,2026-06-14,AUS,TUR,KOR,1825.5
7,2026-06-14,AUS,TUR,MAR,1902.5
7,2026-06-14,AUS,TUR,MEX,1819.8
7,2026-06-14,AUS,TUR,NED,1975.0
7,2026-06-14,AUS,TUR,NOR,1855.0
7,2026-06-14,AUS,TUR,NZL,1678.0
7,2026-06-14,AUS,TUR,PAN,1735.0
7,2026-06-14,AUS,TUR,PAR,1772.1
7,2026-06-14,AUS,TUR,POR,1989.0
7,2026-06-14,AUS,TUR,QAT,1725.6
7,2026-06-14,AUS,TUR,RSA,1725.2
7,2026-06-14,AUS,TUR,SAU,1702.0
7,2026-06-14,AUS,TUR,SCO,1815.0
7,2026-06-14,AUS,TUR,SEN,1840.0
7,2026-06-14,AUS,TUR,SUI,1850.4
7,2026-06-14,AUS,TUR,SWE,1818.0
7,2026-06-14,AUS,TUR,TUN,1762.0
7,2026-06-14,AUS,TUR,TUR,1807.1
7,2026-06-14,AUS,TUR,URU,1895.0
7,2026-06-14,AUS,TUR,USA,1835.9
7,2026-06-14,AUS,TUR,UZB,1748.0
8,2026-06-14,CIV,ECU,ALG,1790.0
8,2026-06-14,CIV,ECU,ARG,2115.0
8,2026-06-14,CIV,ECU,AUS,1805.9
8,2026-06-14,CIV,ECU,AUT,1820.0
8,2026-06-14,CIV,ECU,BEL,1925.0
8,2026-06-14,CIV,ECU,BIH,1783.6
8,2026-06-14,CIV,ECU,BRA,1973.5
8,2026-06-14,CIV,ECU,CAN,1784.4
8,2026-06-14,CIV,ECU,CIV,1819.8
8,2026-06-14,CIV,ECU,COD,1785.0
8,2026-06-14,CIV,ECU,COL,1888.0
8,2026-06-14,CIV,ECU,CPV,1722.0
8,2026-06-14,CIV,ECU,CRO,1900.0
8,2026-06-14,CIV,ECU,CUW,1660.0
8,2026-06-14,CIV,ECU,CZE,1791.5
8,2026-06-14,CIV,ECU,ECU,1803.2
8,2026-06-14,CIV,ECU,EGY,1808.0
8,2026-06-14,CIV,ECU,ENG,2024.0
8,2026-06-14,CIV,ECU,ESP,2129.0
8,2026-06-14,CIV,ECU,FRA,2063.0
8,2026-06-14,CIV,ECU,GER,1958.0
8,2026-06-14,CIV,ECU,GHA,1758.0
8,2026-06-14,CIV,ECU,HAI,1645.0
8,2026-06-14,CIV,ECU,IRN,1820.0
8,2026-06-14,CIV,ECU,IRQ,1715.0
8,2026-06-14,CIV,ECU,JOR,1730.0
8,2026-06-14,CIV,ECU,JPN,1850.0
8,2026-06-14,CIV,ECU,KOR,1825.5
8,2026-06-14,CIV,ECU,MAR,1902.5
8,2026-06-14,CIV,ECU,MEX,1819.8
8,2026-06-14,CIV,ECU,NED,1975.0
8,2026-06-14,CIV,ECU,NOR,1855.0
8,2026-06-14,CIV,ECU,NZL,1678.0
8,2026-06-14,CIV,ECU,PAN,1735.0
8,2026-06-14,CIV,ECU,PAR,1772.1
8,2026-06-14,CIV,ECU,POR,1989.0
8,2026-06-14,CIV,ECU,QAT,1725.6
8,2026-06-14,CIV,ECU,RSA,1725.2
8,2026-06-14,CIV,ECU,SAU,1702.0
8,2026-06-14,CIV,ECU,SCO,1815.0
8,2026-06-14,CIV,ECU,SEN,1840.0
8,2026-06-14,CIV,ECU,SUI,1850.4
8,2026-06-14,CIV,ECU,SWE,1818.0
8,2026-06-14,CIV,ECU,TUN,1762.0
8,2026-06-14,CIV,ECU,TUR,1807.1
8,2026-06-14,CIV,ECU,URU,1895.0
8,2026-06-14,CIV,ECU,USA,1835.9
8,2026-06-14,CIV,ECU,UZB,1748.0
9,2026-06-14,GER,CUW,ALG,1790.0
9,2026-06-14,GER,CUW,ARG,2115.0
9,2026-06-14,GER,CUW,AUS,1805.9
9,2026-06-14,GER,CUW,AUT,1820.0
9,2026-06-14,GER,CUW,BEL,1925.0
9,2026-06-14,GER,CUW,BIH,1783.6
9,2026-06-14,GER,CUW,BRA,1973.5
9,2026-06-14,GER,CUW,CAN,1784.4
9,2026-06-14,GER,CUW,CIV,1819.8
9,2026-06-14,GER,CUW,COD,1785.0
9,2026-06-14,GER,CUW,COL,1888.0
9,2026-06-14,GER,CUW,CPV,1722.0
9,2026-06-14,GER,CUW,CRO,1900.0
9,2026-06-14,GER,CUW,CUW,1648.6
9,2026-06-14,GER,CUW,CZE,1791.5
9,2026-06-14,GER,CUW,ECU,1803.2
9,2026-06-14,GER,CUW,EGY,1808.0
9,2026-06-14,GER,CUW,ENG,2024.0
9,2026-06-14,GER,CUW,ESP,2129.0
9,2026-06-14,GER,CUW,FRA,2063.0
9,2026-06-14,GER,CUW,GER,1969.4
9,2026-06-14,GER,CUW,GHA,1758.0
9,2026-06-14,GER,CUW,HAI,1645.0
9,2026-06-14,GER,CUW,IRN,1820.0
9,2026-06-14,GER,CUW,IRQ,1715.0
9,2026-06-14,GER,CUW,JOR,1730.0
9,2026-06-14,GER,CUW,JPN,1850.0
9,2026-06-14,GER,CUW,KOR,1825.5
9,2026-06-14,GER,CUW,MAR,1902.5
9,2026-06-14,GER,CUW,MEX,1819.8
9,2026-06-14,GER,CUW,NED,1975.0
9,2026-06-14,GER,CUW,NOR,1855.0
9,2026-06-14,GER,CUW,NZL,1678.0
9,2026-06-14,GER,CUW,PAN,1735.0
9,2026-06-14,GER,CUW,PAR,1772.1
9,2026-06-14,GER,CUW,POR,1989.0
9,2026-06-14,GER,CUW,QAT,1725.6
9,2026-06-14,GER,CUW,RSA,1725.2
9,2026-06-14,GER,CUW,SAU,1702.0
9,2026-06-14,GER,CUW,SCO,1815.0
9,2026-06-14,GER,CUW,SEN,1840.0
9,2026-06-14,GER,CUW,SUI,1850.4
9,2026-06-14,GER,CUW,SWE,1818.0
9,2026-06-14,GER,CUW,TUN,1762.0
9,2026-06-14,GER,CUW,TUR,1807.1
9,2026-06-14,GER,CUW,URU,1895.0
9,2026-06-14,GER,CUW,USA,1835.9
9,2026-06-14,GER,CUW,UZB,1748.0
10,2026-06-14,HAI,SCO,ALG,1790.0
10,2026-06-14,HAI,SCO,ARG,2115.0
10,2026-06-14,HAI,SCO,AUS,1805.9
10,2026-06-14,HAI,SCO,AUT,1820.0
10,2026-06-14,HAI,SCO,BEL,1925.0
10,2026-06-14,HAI,SCO,BIH,1783.6
10,2026-06-14,HAI,SCO,BRA,1973.5
10,2026-06-14,HAI,SCO,CAN,1784.4
10,2026-06-14,HAI,SCO,CIV,1819.8
10,2026-06-14,HAI,SCO,COD,1785.0
10,2026-06-14,HAI,SCO,COL,1888.0
10,2026-06-14,HAI,SCO,CPV,1722.0
10,2026-06-14,HAI,SCO,CRO,1900.0
10,2026-06-14,HAI,SCO,CUW,1648.6
10,2026-06-14,HAI,SCO,CZE,1791.5
10,2026-06-14,HAI,SCO,ECU,1803.2
10,2026-06-14,HAI,SCO,EGY,1808.0
10,2026-06-14,HAI,SCO,ENG,2024.0
10,2026-06-14,HAI,SCO,ESP,2129.0
10,2026-06-14,HAI,SCO,FRA,2063.0
10,2026-06-14,HAI,SCO,GER,1969.4
10,2026-06-14,HAI,SCO,GHA,1758.0
10,2026-06-14,HAI,SCO,HAI,1634.9
10,2026-06-14,HAI,SCO,IRN,1820.0
10,2026-06-14,HAI,SCO,IRQ,1715.0
10,2026-06-14,HAI,SCO,JOR,1730.0
10,2026-06-14,HAI,SCO,JPN,1850.0
10,2026-06-14,HAI,SCO,KOR,1825.5
10,2026-06-14,HAI,SCO,MAR,1902.5
10,2026-06-14,HAI,SCO,MEX,1819.8
10,2026-06-14,HAI,SCO,NED,1975.0
10,2026-06-14,HAI,SCO,NOR,1855.0
10,2026-06-14,HAI,SCO,NZL,1678.0
10,2026-06-14,HAI,SCO,PAN,1735.0
10,2026-06-14,HAI,SCO,PAR,1772.1
10,2026-06-14,HAI,SCO,POR,1989.0
10,2026-06-14,HAI,SCO,QAT,1725.6
10,2026-06-14,HAI,SCO,RSA,1725.2
10,2026-06-14,HAI,SCO,SAU,1702.0
10,2026-06-14,HAI,SCO,SCO,1825.1
10,2026-06-14,HAI,SCO,SEN,1840.0
10,2026-06-14,HAI,SCO,SUI,1850.4
10,2026-06-14,HAI,SCO,SWE,1818.0
10,2026-06-14,HAI,SCO,TUN,1762.0
10,2026-06-14,HAI,SCO,TUR,1807.1
10,2026-06-14,HAI,SCO,URU,1895.0
10,2026-06-14,HAI,SCO,USA,1835.9
10,2026-06-14,HAI,SCO,UZB,1748.0
11,2026-06-14,NED,JPN,ALG,1790.0
11,2026-06-14,NED,JPN,ARG,2115.0
11,2026-06-14,NED,JPN,AUS,1805.9
11,2026-06-14,NED,JPN,AUT,1820.0
11,2026-06-14,NED,JPN,BEL,1925.0
11,2026-06-14,NED,JPN,BIH,1783.6
11,2026-06-14,NED,JPN,BRA,1973.5
11,2026-06-14,NED,JPN,CAN,1784.4
11,2026-06-14,NED,JPN,CIV,1819.8
11,2026-06-14,NED,JPN,COD,1785.0
11,2026-06-14,NED,JPN,COL,1888.0
11,2026-06-14,NED,JPN,CPV,1722.0
11,2026-06-14,NED,JPN,CRO,1900.0
11,2026-06-14,NED,JPN,CUW,1648.6
11,2026-06-14,NED,JPN,CZE,1791.5
11,2026-06-14,NED,JPN,ECU,1803.2
11,2026-06-14,NED,JPN,EGY,1808.0
11,2026-06-14,NED,JPN,ENG,2024.0
11,2026-06-14,NED,JPN,ESP,2129.0
11,2026-06-14,NED,JPN,FRA,2063.0
11,2026-06-14,NED,JPN,GER,1969.4
11,2026-06-14,NED,JPN,GHA,1758.0
11,2026-06-14,NED,JPN,HAI,1634.9
11,2026-06-14,NED,JPN,IRN,1820.0
11,2026-06-14,NED,JPN,IRQ,1715.0
11,2026-06-14,NED,JPN,JOR,1730.0
11,2026-06-14,NED,JPN,JPN,1856.9
11,2026-06-14,NED,JPN,KOR,1825.5
11,2026-06-14,NED,JPN,MAR,1902.5
11,2026-06-14,NED,JPN,MEX,1819.8
11,2026-06-14,NED,JPN,NED,1968.1
11,2026-06-14,NED,JPN,NOR,1855.0
11,2026-06-14,NED,JPN,NZL,1678.0
11,2026-06-14,NED,JPN,PAN,1735.0
11,2026-06-14,NED,JPN,PAR,1772.1
11,2026-06-14,NED,JPN,POR,1989.0
11,2026-06-14,NED,JPN,QAT,1725.6
11,2026-06-14,NED,JPN,RSA,1725.2
11,2026-06-14,NED,JPN,SAU,1702.0
11,2026-06-14,NED,JPN,SCO,1825.1
11,2026-06-14,NED,JPN,SEN,1840.0
11,2026-06-14,NED,JPN,SUI,1850.4
11,2026-06-14,NED,JPN,SWE,1818.0
11,2026-06-14,NED,JPN,TUN,1762.0
11,2026-06-14,NED,JPN,TUR,1807.1
11,2026-06-14,NED,JPN,URU,1895.0
11,2026-06-14,NED,JPN,USA,1835.9
11,2026-06-14,NED,JPN,UZB,1748.0
12,2026-06-15,BEL,EGY,ALG,1790.0
12,2026-06-15,BEL,EGY,ARG,2115.0
12,2026-06-15,BEL,EGY,AUS,1805.9
12,2026-06-15,BEL,EGY,AUT,1820.0
12,2026-06-15,BEL,EGY,BEL,1918.5
12,2026-06-15,BEL,EGY,BIH,1783.6
12,2026-06-15,BEL,EGY,BRA,1973.5
12,2026-06-15,BEL,EGY,CAN,1784.4
12,2026-06-15,BEL,EGY,CIV,1819.8
12,2026-06-15,BEL,EGY,COD,1785.0
12,2026-06-15,BEL,EGY,COL,1888.0
12,2026-06-15,BEL,EGY,CPV,1722.0
12,2026-06-15,BEL,EGY,CRO,1900.0
12,2026-06-15,BEL,EGY,CUW,1648.6
12,2026-06-15,BEL,EGY,CZE,1791.5
12,2026-06-15,BEL,EGY,ECU,1803.2
12,2026-06-15,BEL,EGY,EGY,1814.5
12,2026-06-15,BEL,EGY,ENG,2024.0
12,2026-06-15,BEL,EGY,ESP,2129.0
12,2026-06-15,BEL,EGY,FRA,2063.0
12,2026-06-15,BEL,EGY,GER,1969.4
12,2026-06-15,BEL,EGY,GHA,1758.0
12,2026-06-15,BEL,EGY,HAI,1634.9
12,2026-06-15,BEL,EGY,IRN,1820.0
12,2026-06-15,BEL,EGY,IRQ,1715.0
12,2026-06-15,BEL,EGY,JOR,1730.0
12,2026-06-15,BEL,EGY,JPN,1856.9
12,2026-06-15,BEL,EGY,KOR,1825.5
12,2026-06-15,BEL,EGY,MAR,1902.5
12,2026-06-15,BEL,EGY,MEX,1819.8
12,2026-06-15,BEL,EGY,NED,1968.1
12,2026-06-15,BEL,EGY,NOR,1855.0
12,2026-06-15,BEL,EGY,NZL,1678.0
12,2026-06-15,BEL,EGY,PAN,1735.0
12,2026-06-15,BEL,EGY,PAR,1772.1
12,2026-06-15,BEL,EGY,POR,1989.0
12,2026-06-15,BEL,EGY,QAT,1725.6
12,2026-06-15,BEL,EGY,RSA,1725.2
12,2026-06-15,BEL,EGY,SAU,1702.0
12,2026-06-15,BEL,EGY,SCO,1825.1
12,2026-06-15,BEL,EGY,SEN,1840.0
12,2026-06-15,BEL,EGY,SUI,1850.4
12,2026-06-15,BEL,EGY,SWE,1818.0
12,2026-06-15,BEL,EGY,TUN,1762.0
12,2026-06-15,BEL,EGY,TUR,1807.1
12,2026-06-15,BEL,EGY,URU,1895.0
12,2026-06-15,BEL,EGY,USA,1835.9
12,2026-06-15,BEL,EGY,UZB,1748.0
13,2026-06-15,ESP,CPV,ALG,1790.0
13,2026-06-15,ESP,CPV,ARG,2115.0
13,2026-06-15,ESP,CPV,AUS,1805.9
13,2026-06-15,ESP,CPV,AUT,1820.0
13,2026-06-15,ESP,CPV,BEL,1918.5
13,2026-06-15,ESP,CPV,BIH,1783.6
13,2026-06-15,ESP,CPV,BRA,1973.5
13,2026-06-15,ESP,CPV,CAN,1784.4
13,2026-06-15,ESP,CPV,CIV,1819.8
13,2026-06-15,ESP,CPV,COD,1785.0
13,2026-06-15,ESP,CPV,COL,1888.0
13,2026-06-15,ESP,CPV,CPV,1738.5
13,2026-06-15,ESP,CPV,CRO,1900.0
13,2026-06-15,ESP,CPV,CUW,1648.6
13,2026-06-15,ESP,CPV,CZE,1791.5
13,2026-06-15,ESP,CPV,ECU,1803.2
13,2026-06-15,ESP,CPV,EGY,1814.5
13,2026-06-15,ESP,CPV,ENG,2024.0
13,2026-06-15,ESP,CPV,ESP,2112.5
13,2026-06-15,ESP,CPV,FRA,2063.0
13,2026-06-15,ESP,CPV,GER,1969.4
13,2026-06-15,ESP,CPV,GHA,1758.0
13,2026-06-15,ESP,CPV,HAI,1634.9
13,2026-06-15,ESP,CPV,IRN,1820.0
13,2026-06-15,ESP,CPV,IRQ,1715.0
13,2026-06-15,ESP,CPV,JOR,1730.0
13,2026-06-15,ESP,CPV,JPN,1856.9
13,2026-06-15,ESP,CPV,KOR,1825.5
13,2026-06-15,ESP,CPV,MAR,1902.5
13,2026-06-15,ESP,CPV,MEX,1819.8
13,2026-06-15,ESP,CPV,NED,1968.1
13,2026-06-15,ESP,CPV,NOR,1855.0
13,2026-06-15,ESP,CPV,NZL,1678.0
13,2026-06-15,ESP,CPV,PAN,1735.0
13,2026-06-15,ESP,CPV,PAR,1772.1
13,2026-06-15,ESP,CPV,POR,1989.0
13,2026-06-15,ESP,CPV,QAT,1725.6
13,2026-06-15,ESP,CPV,RSA,1725.2
13,2026-06-15,ESP,CPV,SAU,1702.0
13,2026-06-15,ESP,CPV,SCO,1825.1
13,2026-06-15,ESP,CPV,SEN,1840.0
13,2026-06-15,ESP,CPV,SUI,1850.4
13,2026-06-15,ESP,CPV,SWE,1818.0
13,2026-06-15,ESP,CPV,TUN,1762.0
13,2026-06-15,ESP,CPV,TUR,1807.1
13,2026-06-15,ESP,CPV,URU,1895.0
13,2026-06-15,ESP,CPV,USA,1835.9
13,2026-06-15,ESP,CPV,UZB,1748.0
14,2026-06-15,SAU,URU,ALG,1790.0
14,2026-06-15,SAU,URU,ARG,2115.0
14,2026-06-15,SAU,URU,AUS,1805.9
14,2026-06-15,SAU,URU,AUT,1820.0
14,2026-06-15,SAU,URU,BEL,1918.5
14,2026-06-15,SAU,URU,BIH,1783.6
14,2026-06-15,SAU,URU,BRA,1973.5
14,2026-06-15,SAU,URU,CAN,1784.4
14,2026-06-15,SAU,URU,CIV,1819.8
14,2026-06-15,SAU,URU,COD,1785.0
14,2026-06-15,SAU,URU,COL,1888.0
14,2026-06-15,SAU,URU,CPV,1738.5
14,2026-06-15,SAU,URU,CRO,1900.0
14,2026-06-15,SAU,URU,CUW,1648.6
14,2026-06-15,SAU,URU,CZE,1791.5
14,2026-06-15,SAU,URU,ECU,1803.2
14,2026-06-15,SAU,URU,EGY,1814.5
14,2026-06-15,SAU,URU,ENG,2024.0
14,2026-06-15,SAU,URU,ESP,2112.5
14,2026-06-15,SAU,URU,FRA,2063.0
14,2026-06-15,SAU,URU,GER,1969.4
14,2026-06-15,SAU,URU,GHA,1758.0
14,2026-06-15,SAU,URU,HAI,1634.9
14,2026-06-15,SAU,URU,IRN,1820.0
14,2026-06-15,SAU,URU,IRQ,1715.0
14,2026-06-15,SAU,URU,JOR,1730.0
14,2026-06-15,SAU,URU,JPN,1856.9
14,2026-06-15,SAU,URU,KOR,1825.5
14,2026-06-15,SAU,URU,MAR,1902.5
14,2026-06-15,SAU,URU,MEX,1819.8
14,2026-06-15,SAU,URU,NED,1968.1
14,2026-06-15,SAU,URU,NOR,1855.0
14,2026-06-15,SAU,URU,NZL,1678.0
14,2026-06-15,SAU,URU,PAN,1735.0
14,2026-06-15,SAU,URU,PAR,1772.1
14,2026-06-15,SAU,URU,POR,1989.0
14,2026-06-15,SAU,URU,QAT,1725.6
14,2026-06-15,SAU,URU,RSA,1725.2
14,2026-06-15,SAU,URU,SAU,1712.1
14,2026-06-15,SAU,URU,SCO,1825.1
14,2026-06-15,SAU,URU,SEN,1840.0
14,2026-06-15,SAU,URU,SUI,1850.4
14,2026-06-15,SAU,URU,SWE,1818.0
14,2026-06-15,SAU,URU,TUN,1762.0
14,2026-06-15,SAU,URU,TUR,1807.1
14,2026-06-15,SAU,URU,URU,1884.9
14,2026-06-15,SAU,URU,USA,1835.9
14,2026-06-15,SAU,URU,UZB,1748.0
15,2026-06-15,SWE,TUN,ALG,1790.0
15,2026-06-15,SWE,TUN,ARG,2115.0
15,2026-06-15,SWE,TUN,AUS,1805.9
15,2026-06-15,SWE,TUN,AUT,1820.0
15,2026-06-15,SWE,TUN,BEL,1918.5
15,2026-06-15,SWE,TUN,BIH,1783.6
15,2026-06-15,SWE,TUN,BRA,1973.5
15,2026-06-15,SWE,TUN,CAN,1784.4
15,2026-06-15,SWE,TUN,CIV,1819.8
15,2026-06-15,SWE,TUN,COD,1785.0
15,2026-06-15,SWE,TUN,COL,1888.0
15,2026-06-15,SWE,TUN,CPV,1738.5
15,2026-06-15,SWE,TUN,CRO,1900.0
15,2026-06-15,SWE,TUN,CUW,1648.6
15,2026-06-15,SWE,TUN,CZE,1791.5
15,2026-06-15,SWE,TUN,ECU,1803.2
15,2026-06-15,SWE,TUN,EGY,1814.5
15,2026-06-15,SWE,TUN,ENG,2024.0
15,2026-06-15,SWE,TUN,ESP,2112.5
15,2026-06-15,SWE,TUN,FRA,2063.0
15,2026-06-15,SWE,TUN,GER,1969.4
15,2026-06-15,SWE,TUN,GHA,1758.0
15,2026-06-15,SWE,TUN,HAI,1634.9
15,2026-06-15,SWE,TUN,IRN,1820.0
15,2026-06-15,SWE,TUN,IRQ,1715.0
15,2026-06-15,SWE,TUN,JOR,1730.0
15,2026-06-15,SWE,TUN,JPN,1856.9
15,2026-06-15,SWE,TUN,KOR,1825.5
15,2026-06-15,SWE,TUN,MAR,1902.5
15,2026-06-15,SWE,TUN,MEX,1819.8
15,2026-06-15,SWE,TUN,NED,1968.1
15,2026-06-15,SWE,TUN,NOR,1855.0
15,2026-06-15,SWE,TUN,NZL,1678.0
15,2026-06-15,SWE,TUN,PAN,1735.0
15,2026-06-15,SWE,TUN,PAR,1772.1
15,2026-06-15,SWE,TUN,POR,1989.0
15,2026-06-15,SWE,TUN,QAT,1725.6
15,2026-06-15,SWE,TUN,RSA,1725.2
15,2026-06-15,SWE,TUN,SAU,1712.1
15,2026-06-15,SWE,TUN,SCO,1825.1
15,2026-06-15,SWE,TUN,SEN,1840.0
15,2026-06-15,SWE,TUN,SUI,1850.4
15,2026-06-15,SWE,TUN,SWE,1848.7
15,2026-06-15,SWE,TUN,TUN,1731.3
15,2026-06-15,SWE,TUN,TUR,1807.1
15,2026-06-15,SWE,TUN,URU,1884.9
15,2026-06-15,SWE,TUN,USA,1835.9
15,2026-06-15,SWE,TUN,UZB,1748.0
16,2026-06-16,FRA,SEN,ALG,1790.0
16,2026-06-16,FRA,SEN,ARG,2115.0
16,2026-06-16,FRA,SEN,AUS,1805.9
16,2026-06-16,FRA,SEN,AUT,1820.0
16,2026-06-16,FRA,SEN,BEL,1918.5
16,2026-06-16,FRA,SEN,BIH,1783.6
16,2026-06-16,FRA,SEN,BRA,1973.5
16,2026-06-16,FRA,SEN,CAN,1784.4
16,2026-06-16,FRA,SEN,CIV,1819.8
16,2026-06-16,FRA,SEN,COD,1785.0
16,2026-06-16,FRA,SEN,COL,1888.0
16,2026-06-16,FRA,SEN,CPV,1738.5
16,2026-06-16,FRA,SEN,CRO,1900.0
16,2026-06-16,FRA,SEN,CUW,1648.6
16,2026-06-16,FRA,SEN,CZE,1791.5
16,2026-06-16,FRA,SEN,ECU,1803.2
16,2026-06-16,FRA,SEN,EGY,1814.5
16,2026-06-16,FRA,SEN,ENG,2024.0
16,2026-06-16,FRA,SEN,ESP,2112.5
16,2026-06-16,FRA,SEN,FRA,2074.8
16,2026-06-16,FRA,SEN,GER,1969.4
16,2026-06-16,FRA,SEN,GHA,1758.0
16,2026-06-16,FRA,SEN,HAI,1634.9
16,2026-06-16,FRA,SEN,IRN,1820.0
16,2026-06-16,FRA,SEN,IRQ,1715.0
16,2026-06-16,FRA,SEN,JOR,1730.0
16,2026-06-16,FRA,SEN,JPN,1856.9
16,2026-06-16,FRA,SEN,KOR,1825.5
16,2026-06-16,FRA,SEN,MAR,1902.5
16,2026-06-16,FRA,SEN,MEX,1819.8
16,2026-06-16,FRA,SEN,NED,1968.1
16,2026-06-16,FRA,SEN,NOR,1855.0
16,2026-06-16,FRA,SEN,NZL,1678.0
16,2026-06-16,FRA,SEN,PAN,1735.0
16,2026-06-16,FRA,SEN,PAR,1772.1
16,2026-06-16,FRA,SEN,POR,1989.0
16,2026-06-16,FRA,SEN,QAT,1725.6
16,2026-06-16,FRA,SEN,RSA,1725.2
16,2026-06-16,FRA,SEN,SAU,1712.1
16,2026-06-16,FRA,SEN,SCO,1825.1
16,2026-06-16,FRA,SEN,SEN,1828.2
16,2026-06-16,FRA,SEN,SUI,1850.4
16,2026-06-16,FRA,SEN,SWE,1848.7
16,2026-06-16,FRA,SEN,TUN,1731.3
16,2026-06-16,FRA,SEN,TUR,1807.1
16,2026-06-16,FRA,SEN,URU,1884.9
16,2026-06-16,FRA,SEN,USA,1835.9
16,2026-06-16,FRA,SEN,UZB,1748.0
17,2026-06-16,IRN,NZL,ALG,1790.0
17,2026-06-16,IRN,NZL,ARG,2115.0
17,2026-06-16,IRN,NZL,AUS,1805.9
17,2026-06-16,IRN,NZL,AUT,1820.0
17,2026-06-16,IRN,NZL,BEL,1918.5
17,2026-06-16,IRN,NZL,BIH,1783.6
17,2026-06-16,IRN,NZL,BRA,1973.5
17,2026-06-16,IRN,NZL,CAN,1784.4
17,2026-06-16,IRN,NZL,CIV,1819.8
17,2026-06-16,IRN,NZL,COD,1785.0
17,2026-06-16,IRN,NZL,COL,1888.0
17,2026-06-16,IRN,NZL,CPV,1738.5
17,2026-06-16,IRN,NZL,CRO,1900.0
17,2026-06-16,IRN,NZL,CUW,1648.6
17,2026-06-16,IRN,NZL,CZE,1791.5
17,2026-06-16,IRN,NZL,ECU,1803.2
17,2026-06-16,IRN,NZL,EGY,1814.5
17,2026-06-16,IRN,NZL,ENG,2024.0
17,2026-06-16,IRN,NZL,ESP,2112.5
17,2026-06-16,IRN,NZL,FRA,2074.8
17,2026-06-16,IRN,NZL,GER,1969.4
17,2026-06-16,IRN,NZL,GHA,1758.0
17,2026-06-16,IRN,NZL,HAI,1634.9
17,2026-06-16,IRN,NZL,IRN,1812.3
17,2026-06-16,IRN,NZL,IRQ,1715.0
17,2026-06-16,IRN,NZL,JOR,1730.0
17,2026-06-16,IRN,NZL,JPN,1856.9
17,2026-06-16,IRN,NZL,KOR,1825.5
17,2026-06-16,IRN,NZL,MAR,1902.5
17,2026-06-16,IRN,NZL,MEX,1819.8
17,2026-06-16,IRN,NZL,NED,1968.1
17,2026-06-16,IRN,NZL,NOR,1855.0
17,2026-06-16,IRN,NZL,NZL,1685.7
17,2026-06-16,IRN,NZL,PAN,1735.0
17,2026-06-16,IRN,NZL,PAR,1772.1
17,2026-06-16,IRN,NZL,POR,1989.0
17,2026-06-16,IRN,NZL,QAT,1725.6
17,2026-06-16,IRN,NZL,RSA,1725.2
17,2026-06-16,IRN,NZL,SAU,1712.1
17,2026-06-16,IRN,NZL,SCO,1825.1
17,2026-06-16,IRN,NZL,SEN,1828.2
17,2026-06-16,IRN,NZL,SUI,1850.4
17,2026-06-16,IRN,NZL,SWE,1848.7
17,2026-06-16,IRN,NZL,TUN,1731.3
17,2026-06-16,IRN,NZL,TUR,1807.1
17,2026-06-16,IRN,NZL,URU,1884.9
17,2026-06-16,IRN,NZL,USA,1835.9
17,2026-06-16,IRN,NZL,UZB,1748.0
18,2026-06-16,IRQ,NOR,ALG,1790.0
18,2026-06-16,IRQ,NOR,ARG,2115.0
18,2026-06-16,IRQ,NOR,AUS,1805.9
18,2026-06-16,IRQ,NOR,AUT,1820.0
18,2026-06-16,IRQ,NOR,BEL,1918.5
18,2026-06-16,IRQ,NOR,BIH,1783.6
18,2026-06-16,IRQ,NOR,BRA,1973.5
18,2026-06-16,IRQ,NOR,CAN,1784.4
18,2026-06-16,IRQ,NOR,CIV,1819.8
18,2026-06-16,IRQ,NOR,COD,1785.0
18,2026-06-16,IRQ,NOR,COL,1888.0
18,2026-06-16,IRQ,NOR,CPV,1738.5
18,2026-06-16,IRQ,NOR,CRO,1900.0
18,2026-06-16,IRQ,NOR,CUW,1648.6
18,2026-06-16,IRQ,NOR,CZE,1791.5
18,2026-06-16,IRQ,NOR,ECU,1803.2
18,2026-06-16,IRQ,NOR,EGY,1814.5
18,2026-06-16,IRQ,NOR,ENG,2024.0
18,2026-06-16,IRQ,NOR,ESP,2112.5
18,2026-06-16,IRQ,NOR,FRA,2074.8
18,2026-06-16,IRQ,NOR,GER,1969.4
18,2026-06-16,IRQ,NOR,GHA,1758.0
18,2026-06-16,IRQ,NOR,HAI,1634.9
18,2026-06-16,IRQ,NOR,IRN,1812.3
18,2026-06-16,IRQ,NOR,IRQ,1694.7
18,2026-06-16,IRQ,NOR,JOR,1730.0
18,2026-06-16,IRQ,NOR,JPN,1856.9
18,2026-06-16,IRQ,NOR,KOR,1825.5
18,2026-06-16,IRQ,NOR,MAR,1902.5
18,2026-06-16,IRQ,NOR,MEX,1819.8
18,2026-06-16,IRQ,NOR,NED,1968.1
18,2026-06-16,IRQ,NOR,NOR,1875.3
18,2026-06-16,IRQ,NOR,NZL,1685.7
18,2026-06-16,IRQ,NOR,PAN,1735.0
18,2026-06-16,IRQ,NOR,PAR,1772.1
18,2026-06-16,IRQ,NOR,POR,1989.0
18,2026-06-16,IRQ,NOR,QAT,1725.6
18,2026-06-16,IRQ,NOR,RSA,1725.2
18,2026-06-16,IRQ,NOR,SAU,1712.1
18,2026-06-16,IRQ,NOR,SCO,1825.1
18,2026-06-16,IRQ,NOR,SEN,1828.2
18,2026-06-16,IRQ,NOR,SUI,1850.4
18,2026-06-16,IRQ,NOR,SWE,1848.7
18,2026-06-16,IRQ,NOR,TUN,1731.3
18,2026-06-16,IRQ,NOR,TUR,1807.1
18,2026-06-16,IRQ,NOR,URU,1884.9
18,2026-06-16,IRQ,NOR,USA,1835.9
18,2026-06-16,IRQ,NOR,UZB,1748.0
19,2026-06-17,ARG,ALG,ALG,1781.9
19,2026-06-17,ARG,ALG,ARG,2123.1
19,2026-06-17,ARG,ALG,AUS,1805.9
19,2026-06-17,ARG,ALG,AUT,1820.0
19,2026-06-17,ARG,ALG,BEL,1918.5
19,2026-06-17,ARG,ALG,BIH,1783.6
19,2026-06-17,ARG,ALG,BRA,1973.5
19,2026-06-17,ARG,ALG,CAN,1784.4
19,2026-06-17,ARG,ALG,CIV,1819.8
19,2026-06-17,ARG,ALG,COD,1785.0
19,2026-06-17,ARG,ALG,COL,1888.0
19,2026-06-17,ARG,ALG,CPV,1738.5
19,2026-06-17,ARG,ALG,CRO,1900.0
19,2026-06-17,ARG,ALG,CUW,1648.6
19,2026-06-17,ARG,ALG,CZE,1791.5
19,2026-06-17,ARG,ALG,ECU,1803.2
19,2026-06-17,ARG,ALG,EGY,1814.5
19,2026-06-17,ARG,ALG,ENG,2024.0
19,2026-06-17,ARG,ALG,ESP,2112.5
19,2026-06-17,ARG,ALG,FRA,2074.8
19,2026-06-17,ARG,ALG,GER,1969.4
19,2026-06-17,ARG,ALG,GHA,1758.0
19,2026-06-17,ARG,ALG,HAI,1634.9
19,2026-06-17,ARG,ALG,IRN,1812.3
19,2026-06-17,ARG,ALG,IRQ,1694.7
19,2026-06-17,ARG,ALG,JOR,1730.0
19,2026-06-17,ARG,ALG,JPN,1856.9
19,2026-06-17,ARG,ALG,KOR,1825.5
19,2026-06-17,ARG,ALG,MAR,1902.5
19,2026-06-17,ARG,ALG,MEX,1819.8
19,2026-06-17,ARG,ALG,NED,1968.1
19,2026-06-17,ARG,ALG,NOR,1875.3
19,2026-06-17,ARG,ALG,NZL,1685.7
19,2026-06-17,ARG,ALG,PAN,1735.0
19,2026-06-17,ARG,ALG,PAR,1772.1
19,2026-06-17,ARG,ALG,POR,1989.0
19,2026-06-17,ARG,ALG,QAT,1725.6
19,2026-06-17,ARG,ALG,RSA,1725.2
19,2026-06-17,ARG,ALG,SAU,1712.1
19,2026-06-17,ARG,ALG,SCO,1825.1
19,2026-06-17,ARG,ALG,SEN,1828.2
19,2026-06-17,ARG,ALG,SUI,1850.4
19,2026-06-17,ARG,ALG,SWE,1848.7
19,2026-06-17,ARG,ALG,TUN,1731.3
19,2026-06-17,ARG,ALG,TUR,1807.1
19,2026-06-17,ARG,ALG,URU,1884.9
19,2026-06-17,ARG,ALG,USA,1835.9
19,2026-06-17,ARG,ALG,UZB,1748.0
20,2026-06-17,AUT,JOR,ALG,1781.9
20,2026-06-17,AUT,JOR,ARG,2123.1
20,2026-06-17,AUT,JOR,AUS,1805.9
20,2026-06-17,AUT,JOR,AUT,1841.5
20,2026-06-17,AUT,JOR,BEL,1918.5
20,2026-06-17,AUT,JOR,BIH,1783.6
20,2026-06-17,AUT,JOR,BRA,1973.5
20,2026-06-17,AUT,JOR,CAN,1784.4
20,2026-06-17,AUT,JOR,CIV,1819.8
20,2026-06-17,AUT,JOR,COD,1785.0
20,2026-06-17,AUT,JOR,COL,1888.0
20,2026-06-17,AUT,JOR,CPV,1738.5
20,2026-06-17,AUT,JOR,CRO,1900.0
20,2026-06-17,AUT,JOR,CUW,1648.6
20,2026-06-17,AUT,JOR,CZE,1791.5
20,2026-06-17,AUT,JOR,ECU,1803.2
20,2026-06-17,AUT,JOR,EGY,1814.5
20,2026-06-17,AUT,JOR,ENG,2024.0
20,2026-06-17,AUT,JOR,ESP,2112.5
20,2026-06-17,AUT,JOR,FRA,2074.8
20,2026-06-17,AUT,JOR,GER,1969.4
20,2026-06-17,AUT,JOR,GHA,1758.0
20,2026-06-17,AUT,JOR,HAI,1634.9
20,2026-06-17,AUT,JOR,IRN,1812.3
20,2026-06-17,AUT,JOR,IRQ,1694.7
20,2026-06-17,AUT,JOR,JOR,1708.5
20,2026-06-17,AUT,JOR,JPN,1856.9
20,2026-06-17,AUT,JOR,KOR,1825.5
20,2026-06-17,AUT,JOR,MAR,1902.5
20,2026-06-17,AUT,JOR,MEX,1819.8
20,2026-06-17,AUT,JOR,NED,1968.1
20,2026-06-17,AUT,JOR,NOR,1875.3
20,2026-06-17,AUT,JOR,NZL,1685.7
20,2026-06-17,AUT,JOR,PAN,1735.0
20,2026-06-17,AUT,JOR,PAR,1772.1
20,2026-06-17,AUT,JOR,POR,1989.0
20,2026-06-17,AUT,JOR,QAT,1725.6
20,2026-06-17,AUT,JOR,RSA,1725.2
20,2026-06-17,AUT,JOR,SAU,1712.1
20,2026-06-17,AUT,JOR,SCO,1825.1
20,2026-06-17,AUT,JOR,SEN,1828.2
20,2026-06-17,AUT,JOR,SUI,1850.4
20,2026-06-17,AUT,JOR,SWE,1848.7
20,2026-06-17,AUT,JOR,TUN,1731.3
20,2026-06-17,AUT,JOR,TUR,1807.1
20,2026-06-17,AUT,JOR,URU,1884.9
20,2026-06-17,AUT,JOR,USA,1835.9
20,2026-06-17,AUT,JOR,UZB,1748.0
21,2026-06-17,ENG,CRO,ALG,1781.9
21,2026-06-17,ENG,CRO,ARG,2123.1
21,2026-06-17,ENG,CRO,AUS,1805.9
21,2026-06-17,ENG,CRO,AUT,1841.5
21,2026-06-17,ENG,CRO,BEL,1918.5
21,2026-06-17,ENG,CRO,BIH,1783.6
21,2026-06-17,ENG,CRO,BRA,1973.5
21,2026-06-17,ENG,CRO,CAN,1784.4
21,2026-06-17,ENG,CRO,CIV,1819.8
21,2026-06-17,ENG,CRO,COD,1785.0
21,2026-06-17,ENG,CRO,COL,1888.0
21,2026-06-17,ENG,CRO,CPV,1738.5
21,2026-06-17,ENG,CRO,CRO,1881.3
21,2026-06-17,ENG,CRO,CUW,1648.6
21,2026-06-17,ENG,CRO,CZE,1791.5
21,2026-06-17,ENG,CRO,ECU,1803.2
21,2026-06-17,ENG,CRO,EGY,1814.5
21,2026-06-17,ENG,CRO,ENG,2042.7
21,2026-06-17,ENG,CRO,ESP,2112.5
21,2026-06-17,ENG,CRO,FRA,2074.8
21,2026-06-17,ENG,CRO,GER,1969.4
21,2026-06-17,ENG,CRO,GHA,1758.0
21,2026-06-17,ENG,CRO,HAI,1634.9
21,2026-06-17,ENG,CRO,IRN,1812.3
21,2026-06-17,ENG,CRO,IRQ,1694.7
21,2026-06-17,ENG,CRO,JOR,1708.5
21,2026-06-17,ENG,CRO,JPN,1856.9
21,2026-06-17,ENG,CRO,KOR,1825.5
21,2026-06-17,ENG,CRO,MAR,1902.5
21,2026-06-17,ENG,CRO,MEX,1819.8
21,2026-06-17,ENG,CRO,NED,1968.1
21,2026-06-17,ENG,CRO,NOR,1875.3
21,2026-06-17,ENG,CRO,NZL,1685.7
21,2026-06-17,ENG,CRO,PAN,1735.0
21,2026-06-17,ENG,CRO,PAR,1772.1
21,2026-06-17,ENG,CRO,POR,1989.0
21,2026-06-17,ENG,CRO,QAT,1725.6
21,2026-06-17,ENG,CRO,RSA,1725.2
21,2026-06-17,ENG,CRO,SAU,1712.1
21,2026-06-17,ENG,CRO,SCO,1825.1
21,2026-06-17,ENG,CRO,SEN,1828.2
21,2026-06-17,ENG,CRO,SUI,1850.4
21,2026-06-17,ENG,CRO,SWE,1848.7
21,2026-06-17,ENG,CRO,TUN,1731.3
21,2026-06-17,ENG,CRO,TUR,1807.1
21,2026-06-17,ENG,CRO,URU,1884.9
21,2026-06-17,ENG,CRO,USA,1835.9
21,2026-06-17,ENG,CRO,UZB,1748.0
22,2026-06-17,GHA,PAN,ALG,1781.9
22,2026-06-17,GHA,PAN,ARG,2123.1
22,2026-06-17,GHA,PAN,AUS,1805.9
22,2026-06-17,GHA,PAN,AUT,1841.5
22,2026-06-17,GHA,PAN,BEL,1918.5
22,2026-06-17,GHA,PAN,BIH,1783.6
22,2026-06-17,GHA,PAN,BRA,1973.5
22,2026-06-17,GHA,PAN,CAN,1784.4
22,2026-06-17,GHA,PAN,CIV,1819.8
22,2026-06-17,GHA,PAN,COD,1785.0
22,2026-06-17,GHA,PAN,COL,1888.0
22,2026-06-17,GHA,PAN,CPV,1738.5
22,2026-06-17,GHA,PAN,CRO,1881.3
22,2026-06-17,GHA,PAN,CUW,1648.6
22,2026-06-17,GHA,PAN,CZE,1791.5
22,2026-06-17,GHA,PAN,ECU,1803.2
22,2026-06-17,GHA,PAN,EGY,1814.5
22,2026-06-17,GHA,PAN,ENG,2042.7
22,2026-06-17,GHA,PAN,ESP,2112.5
22,2026-06-17,GHA,PAN,FRA,2074.8
22,2026-06-17,GHA,PAN,GER,1969.4
22,2026-06-17,GHA,PAN,GHA,1776.5
22,2026-06-17,GHA,PAN,HAI,1634.9
22,2026-06-17,GHA,PAN,IRN,1812.3
22,2026-06-17,GHA,PAN,IRQ,1694.7
22,2026-06-17,GHA,PAN,JOR,1708.5
22,2026-06-17,GHA,PAN,JPN,1856.9
22,2026-06-17,GHA,PAN,KOR,1825.5
22,2026-06-17,GHA,PAN,MAR,1902.5
22,2026-06-17,GHA,PAN,MEX,1819.8
22,2026-06-17,GHA,PAN,NED,1968.1
22,2026-06-17,GHA,PAN,NOR,1875.3
22,2026-06-17,GHA,PAN,NZL,1685.7
22,2026-06-17,GHA,PAN,PAN,1716.5
22,2026-06-17,GHA,PAN,PAR,1772.1
22,2026-06-17,GHA,PAN,POR,1989.0
22,2026-06-17,GHA,PAN,QAT,1725.6
22,2026-06-17,GHA,PAN,RSA,1725.2
22,2026-06-17,GHA,PAN,SAU,1712.1
22,2026-06-17,GHA,PAN,SCO,1825.1
22,2026-06-17,GHA,PAN,SEN,1828.2
22,2026-06-17,GHA,PAN,SUI,1850.4
22,2026-06-17,GHA,PAN,SWE,1848.7
22,2026-06-17,GHA,PAN,TUN,1731.3
22,2026-06-17,GHA,PAN,TUR,1807.1
22,2026-06-17,GHA,PAN,URU,1884.9
22,2026-06-17,GHA,PAN,USA,1835.9
22,2026-06-17,GHA,PAN,UZB,1748.0
23,2026-06-17,POR,COD,ALG,1781.9
23,2026-06-17,POR,COD,ARG,2123.1
23,2026-06-17,POR,COD,AUS,1805.9
23,2026-06-17,POR,COD,AUT,1841.5
23,2026-06-17,POR,COD,BEL,1918.5
23,2026-06-17,POR,COD,BIH,1783.6
23,2026-06-17,POR,COD,BRA,1973.5
23,2026-06-17,POR,COD,CAN,1784.4
23,2026-06-17,POR,COD,CIV,1819.8
23,2026-06-17,POR,COD,COD,1795.6
23,2026-06-17,POR,COD,COL,1888.0
23,2026-06-17,POR,COD,CPV,1738.5
23,2026-06-17,POR,COD,CRO,1881.3
23,2026-06-17,POR,COD,CUW,1648.6
23,2026-06-17,POR,COD,CZE,1791.5
23,2026-06-17,POR,COD,ECU,1803.2
23,2026-06-17,POR,COD,EGY,1814.5
23,2026-06-17,POR,COD,ENG,2042.7
23,2026-06-17,POR,COD,ESP,2112.5
23,2026-06-17,POR,COD,FRA,2074.8
23,2026-06-17,POR,COD,GER,1969.4
23,2026-06-17,POR,COD,GHA,1776.5
23,2026-06-17,POR,COD,HAI,1634.9
23,2026-06-17,POR,COD,IRN,1812.3
23,2026-06-17,POR,COD,IRQ,1694.7
23,2026-06-17,POR,COD,JOR,1708.5
23,2026-06-17,POR,COD,JPN,1856.9
23,2026-06-17,POR,COD,KOR,1825.5
23,2026-06-17,POR,COD,MAR,1902.5
23,2026-06-17,POR,COD,MEX,1819.8
23,2026-06-17,POR,COD,NED,1968.1
23,2026-06-17,POR,COD,NOR,1875.3
23,2026-06-17,POR,COD,NZL,1685.7
23,2026-06-17,POR,COD,PAN,1716.5
23,2026-06-17,POR,COD,PAR,1772.1
23,2026-06-17,POR,COD,POR,1978.4
23,2026-06-17,POR,COD,QAT,1725.6
23,2026-06-17,POR,COD,RSA,1725.2
23,2026-06-17,POR,COD,SAU,1712.1
23,2026-06-17,POR,COD,SCO,1825.1
23,2026-06-17,POR,COD,SEN,1828.2
23,2026-06-17,POR,COD,SUI,1850.4
23,2026-06-17,POR,COD,SWE,1848.7
23,2026-06-17,POR,COD,TUN,1731.3
23,2026-06-17,POR,COD,TUR,1807.1
23,2026-06-17,POR,COD,URU,1884.9
23,2026-06-17,POR,COD,USA,1835.9
23,2026-06-17,POR,COD,UZB,1748.0
24,2026-06-18,UZB,COL,ALG,1781.9
24,2026-06-18,UZB,COL,ARG,2123.1
24,2026-06-18,UZB,COL,AUS,1805.9
24,2026-06-18,UZB,COL,AUT,1841.5
24,2026-06-18,UZB,COL,BEL,1918.5
24,2026-06-18,UZB,COL,BIH,1783.6
24,2026-06-18,UZB,COL,BRA,1973.5
24,2026-06-18,UZB,COL,CAN,1784.4
24,2026-06-18,UZB,COL,CIV,1819.8
24,2026-06-18,UZB,COL,COD,1795.6
24,2026-06-18,UZB,COL,COL,1905.4
24,2026-06-18,UZB,COL,CPV,1738.5
24,2026-06-18,UZB,COL,CRO,1881.3
24,2026-06-18,UZB,COL,CUW,1648.6
24,2026-06-18,UZB,COL,CZE,1791.5
24,2026-06-18,UZB,COL,ECU,1803.2
24,2026-06-18,UZB,COL,EGY,1814.5
24,2026-06-18,UZB,COL,ENG,2042.7
24,2026-06-18,UZB,COL,ESP,2112.5
24,2026-06-18,UZB,COL,FRA,2074.8
24,2026-06-18,UZB,COL,GER,1969.4
24,2026-06-18,UZB,COL,GHA,1776.5
24,2026-06-18,UZB,COL,HAI,1634.9
24,2026-06-18,UZB,COL,IRN,1812.3
24,2026-06-18,UZB,COL,IRQ,1694.7
24,2026-06-18,UZB,COL,JOR,1708.5
24,2026-06-18,UZB,COL,JPN,1856.9
24,2026-06-18,UZB,COL,KOR,1825.5
24,2026-06-18,UZB,COL,MAR,1902.5
24,2026-06-18,UZB,COL,MEX,1819.8
24,2026-06-18,UZB,COL,NED,1968.1
24,2026-06-18,UZB,COL,NOR,1875.3
24,2026-06-18,UZB,COL,NZL,1685.7
24,2026-06-18,UZB,COL,PAN,1716.5
24,2026-06-18,UZB,COL,PAR,1772.1
24,2026-06-18,UZB,COL,POR,1978.4
24,2026-06-18,UZB,COL,QAT,1725.6
24,2026-06-18,UZB,COL,RSA,1725.2
24,2026-06-18,UZB,COL,SAU,1712.1
24,2026-06-18,UZB,COL,SCO,1825.1
24,2026-06-18,UZB,COL,SEN,1828.2
24,2026-06-18,UZB,COL,SUI,1850.4
24,2026-06-18,UZB,COL,SWE,1848.7
24,2026-06-18,UZB,COL,TUN,1731.3
24,2026-06-18,UZB,COL,TUR,1807.1
24,2026-06-18,UZB,COL,URU,1884.9
24,2026-06-18,UZB,COL,USA,1835.9
24,2026-06-18,UZB,COL,UZB,1730.6
